,missing
Lot Frontage,393
Garage Yr Blt,122
Mas Vnr Type,19
Mas Vnr Area,19
Bsmt Exposure,3
BsmtFin Type 2,2
Garage Finish,2
Bsmt Cond,1
Bsmt Qual,1
Bsmt Unf SF,1
BsmtFin SF 2,1
Garage Cond,1
Garage Cars,1
Garage Area,1
Garage Qual,1
Bsmt Full Bath,1
Bsmt Half Bath,1
BsmtFin SF 1,1
BsmtFin Type 1,1
Total Bsmt SF,1
MS SubClass,0
MS Zoning,0
Land Contour,0
Lot Shape,0
Alley,0
Street,0
Lot Area,0
Land Slope,0
Lot Config,0
Utilities,0
Exterior 1st,0
Roof Style,0
Year Remod/Add,0
Overall Cond,0
Year Built,0
Exter Qual,0
Exterior 2nd,0
Roof Matl,0
Neighborhood,0
House Style,0
Overall Qual,0
Condition 2,0
Condition 1,0
1st Flr SF,0
Electrical,0
Central Air,0
Heating QC,0
Heating,0
Foundation,0
Exter Cond,0
Bldg Type,0
Bedroom AbvGr,0
Kitchen AbvGr,0
TotRms AbvGrd,0
Low Qual Fin SF,0
Gr Liv Area,0
Full Bath,0
Half Bath,0
2nd Flr SF,0
Garage Type,0
Fireplace Qu,0
Fireplaces,0
Functional,0
Kitchen Qual,0
Paved Drive,0
Wood Deck SF,0
Open Porch SF,0
Enclosed Porch,0
3Ssn Porch,0
Screen Porch,0
Pool Area,0
Pool QC,0
Fence,0
Misc Feature,0
Misc Val,0
