feature,increase_in_rmse,std
Overall Qual,25904.59560742289,1381.7693266775682
Gr Liv Area,13434.85059872382,309.2349491118145
Total Bsmt SF,3695.9029285028446,206.78834365836028
Garage Cars,2286.9396924206085,495.9240730916354
Year Built,2175.1926248543023,306.0189623880499
Lot Area,2117.710422107461,189.29962824400062
BsmtFin SF 1,1909.7668020517972,102.19765369316332
1st Flr SF,1739.5071305002602,147.55238244505247
Bsmt Qual,1629.964297028741,102.48940965317956
Neighborhood,1287.3580546408637,85.434192759392
Year Remod/Add,1138.046525463555,362.9679690687342
Overall Cond,992.3698163624853,128.69458743834613
Kitchen Qual,774.201980587434,187.78877920453166
Bsmt Full Bath,623.9716762474782,143.6344837295189
2nd Flr SF,618.9489804929129,24.655508954819595
Screen Porch,420.3383766707266,268.1323246744299
Open Porch SF,382.07357626202503,29.636519226222084
Fireplaces,315.55524985212617,109.50124393697097
Land Contour,306.65844594218504,65.06195371524726
Garage Yr Blt,298.2927592410939,101.09728075062498
BsmtFin Type 1,237.4021722921403,40.15797334643585
MS SubClass,206.04409187602724,75.87437195836901
Functional,145.86633900283852,48.88464726405433
MS Zoning,130.15312079599533,28.56341849004317
Exterior 1st,82.95215550484863,25.908452515881095
Mas Vnr Area,66.99970217616574,19.958643937446357
Fireplace Qu,59.869812463369456,53.58186823979645
Lot Frontage,35.657568503142826,10.743266921702192
Heating QC,34.518582608096764,39.862655079756045
Garage Type,25.39142925109627,22.189199328159944
Condition 1,22.931373872259428,55.53153380841057
Exter Qual,14.608132345656486,1.1941216048004533
Kitchen AbvGr,12.463240809299895,14.963594743112976
Paved Drive,12.34904433769625,4.953515491414432
Land Slope,9.203803632425116,2.3272509657276768
Bldg Type,8.379034986752231,4.623959190514162
Garage Qual,8.20649069648789,8.319377104643644
Lot Shape,6.964765582738619,5.5878990943395745
Bsmt Cond,4.91499462777283,3.120300990338811
Central Air,4.306592143982561,11.765253195212612
Mas Vnr Type,2.270620754868287,4.007834564093048
TotRms AbvGrd,1.6436895903425466,3.4305459468951724
Foundation,0.9311519070259238,0.723860366905533
Garage Cond,0.8818336309792357,7.1183539364490995
BsmtFin Type 2,0.8778211158831255,3.700816901577209
House Style,0.603004736504954,1.1023693804764279
Pool Area,0.5274122594761138,0.8201210698827707
Enclosed Porch,0.49457437216915423,0.607316969085479
Exterior 2nd,0.2936152702815889,0.5872305405631778
Pool QC,0.226216085330816,0.6826115008905556
Alley,0.0,0.0
Misc Val,0.0,0.0
Utilities,0.0,0.0
Street,0.0,0.0
Condition 2,0.0,0.0
Low Qual Fin SF,0.0,0.0
Electrical,0.0,0.0
Roof Matl,0.0,0.0
Heating,0.0,0.0
Bsmt Half Bath,0.0,0.0
Fence,0.0,0.0
Garage Finish,0.0,0.0
Bedroom AbvGr,0.0,0.0
Misc Feature,0.0,0.0
3Ssn Porch,-0.19709662796449265,0.39419325592898535
Roof Style,-1.3716887267466518,2.8233927804183425
Full Bath,-4.538383104447712,67.75806364729812
BsmtFin SF 2,-8.766396085151063,15.381364454211287
Exter Cond,-10.67454657361959,7.021987299289865
Bsmt Exposure,-13.464401278053264,14.130960041685862
Garage Area,-20.277985266930045,84.18882657196794
Lot Config,-26.070665367785843,15.825080128523503
Half Bath,-44.199638309164584,91.7344630990404
Bsmt Unf SF,-91.02961389658375,62.99003278104903
Wood Deck SF,-193.97559872894053,60.387954816333036
