row_index,split
0,train
1,train
2,train
3,train
4,train
5,train
6,train
7,train
8,train
9,train
10,train
11,train
12,test
13,train
14,train
15,train
16,train
17,train
18,train
19,train
20,train
21,train
22,train
23,train
24,train
25,train
26,train
27,train
28,train
29,test
30,test
31,train
32,test
33,train
34,train
35,train
36,train
37,train
38,train
39,train
40,train
41,train
42,train
43,test
44,test
45,test
46,train
47,train
48,train
49,train
50,train
51,test
52,train
53,train
54,train
55,train
56,test
57,train
58,train
59,train
60,train
61,train
62,train
63,test
64,train
65,train
66,train
67,test
68,train
69,train
70,test
71,train
72,train
73,test
74,train
75,train
76,train
77,train
78,train
79,train
80,test
81,train
82,train
83,train
84,train
85,train
86,train
87,test
88,train
89,train
90,train
91,train
92,train
93,test
94,train
95,train
96,test
97,train
98,train
99,train
100,train
101,train
102,test
103,train
104,test
105,train
106,train
107,train
108,test
109,train
110,train
111,test
112,train
113,train
114,train
115,train
116,train
117,train
118,train
119,train
120,test
121,train
122,train
123,train
124,test
125,train
126,train
127,train
128,train
129,train
130,train
131,train
132,train
133,train
134,test
135,test
136,train
137,train
138,train
139,test
140,train
141,test
142,train
143,train
144,train
145,train
146,train
147,train
148,train
149,test
150,train
151,train
152,test
153,train
154,train
155,train
156,train
157,train
158,train
159,train
160,train
161,train
162,test
163,train
164,train
165,train
166,train
167,train
168,test
169,train
170,test
171,train
172,train
173,test
174,train
175,test
176,train
177,train
178,test
179,train
180,train
181,train
182,train
183,train
184,train
185,train
186,train
187,train
188,test
189,train
190,train
191,train
192,train
193,train
194,test
195,train
196,test
197,train
198,train
199,test
200,train
201,train
202,train
203,test
204,train
205,train
206,train
207,train
208,train
209,train
210,test
211,test
212,test
213,train
214,train
215,train
216,train
217,train
218,test
219,train
220,train
221,test
222,train
223,train
224,train
225,train
226,test
227,train
228,train
229,train
230,train
231,test
232,train
233,test
234,train
235,train
236,train
237,train
238,train
239,test
240,train
241,train
242,train
243,train
244,train
245,train
246,test
247,train
248,train
249,train
250,train
251,test
252,train
253,train
254,test
255,train
256,test
257,test
258,train
259,test
260,train
261,train
262,train
263,train
264,train
265,train
266,train
267,train
268,train
269,train
270,test
271,train
272,test
273,train
274,train
275,train
276,train
277,train
278,train
279,train
280,train
281,train
282,test
283,test
284,train
285,train
286,train
287,train
288,train
289,test
290,train
291,test
292,train
293,train
294,train
295,train
296,test
297,train
298,test
299,train
300,train
301,train
302,train
303,train
304,train
305,train
306,train
307,train
308,train
309,test
310,train
311,train
312,train
313,test
314,test
315,train
316,train
317,train
318,test
319,train
320,train
321,test
322,test
323,train
324,test
325,train
326,train
327,train
328,train
329,train
330,train
331,test
332,test
333,train
334,train
335,train
336,train
337,train
338,train
339,train
340,train
341,train
342,train
343,train
344,train
345,train
346,train
347,train
348,train
349,train
350,train
351,train
352,train
353,train
354,test
355,train
356,train
357,train
358,test
359,train
360,train
361,train
362,train
363,train
364,train
365,test
366,test
367,test
368,test
369,train
370,train
371,train
372,train
373,train
374,train
375,train
376,train
377,train
378,train
379,train
380,train
381,train
382,train
383,train
384,train
385,train
386,train
387,test
388,train
389,train
390,train
391,train
392,train
393,test
394,train
395,train
396,train
397,train
398,train
399,train
400,train
401,train
402,test
403,train
404,train
405,train
406,train
407,test
408,test
409,train
410,test
411,test
412,train
413,train
414,test
415,test
416,train
417,train
418,train
419,train
420,test
421,train
422,test
423,test
424,train
425,train
426,train
427,train
428,train
429,train
430,test
431,train
432,test
433,test
434,train
435,train
436,test
437,train
438,train
439,test
440,train
441,train
442,train
443,test
444,train
445,train
446,train
447,train
448,train
449,train
450,test
451,train
452,train
453,train
454,train
455,train
456,test
457,test
458,train
459,train
460,test
461,train
462,test
463,test
464,test
465,train
466,train
467,train
468,train
469,train
470,train
471,test
472,train
473,train
474,train
475,train
476,train
477,train
478,test
479,test
480,train
481,train
482,train
483,train
484,train
485,test
486,test
487,train
488,train
489,train
490,train
491,train
492,train
493,train
494,train
495,test
496,train
497,train
498,test
499,train
500,train
501,train
502,train
503,train
504,train
505,train
506,test
507,test
508,train
509,test
510,train
511,test
512,train
513,train
514,train
515,train
516,train
517,train
518,test
519,train
520,train
521,test
522,train
523,train
524,train
525,train
526,train
527,test
528,test
529,train
530,train
531,train
532,test
533,test
534,train
535,test
536,train
537,train
538,train
539,train
540,train
541,train
542,train
543,test
544,test
545,train
546,train
547,train
548,train
549,train
550,train
551,train
552,train
553,train
554,test
555,test
556,train
557,test
558,train
559,train
560,train
561,train
562,train
563,train
564,test
565,test
566,train
567,test
568,test
569,train
570,train
571,train
572,test
573,train
574,train
575,train
576,train
577,train
578,train
579,train
580,train
581,test
582,train
583,train
584,train
585,train
586,train
587,train
588,train
589,train
590,train
591,train
592,train
593,train
594,test
595,train
596,train
597,train
598,test
599,test
600,train
601,train
602,test
603,train
604,train
605,test
606,train
607,train
608,train
609,train
610,test
611,train
612,test
613,train
614,train
615,train
616,train
617,train
618,train
619,train
620,train
621,train
622,train
623,train
624,train
625,train
626,train
627,train
628,train
629,train
630,train
631,train
632,train
633,train
634,train
635,train
636,train
637,train
638,train
639,train
640,train
641,train
642,train
643,train
644,test
645,train
646,train
647,train
648,train
649,train
650,test
651,test
652,train
653,train
654,train
655,train
656,train
657,train
658,train
659,train
660,train
661,train
662,test
663,train
664,train
665,train
666,train
667,train
668,train
669,train
670,train
671,train
672,train
673,train
674,train
675,train
676,test
677,test
678,train
679,test
680,train
681,train
682,train
683,train
684,train
685,test
686,train
687,train
688,train
689,train
690,train
691,train
692,train
693,train
694,train
695,test
696,train
697,train
698,train
699,train
700,train
701,train
702,train
703,train
704,train
705,test
706,train
707,train
708,train
709,train
710,train
711,train
712,train
713,train
714,train
715,train
716,train
717,train
718,train
719,train
720,train
721,train
722,train
723,train
724,train
725,train
726,train
727,test
728,train
729,test
730,train
731,train
732,train
733,train
734,train
735,train
736,train
737,train
738,train
739,train
740,train
741,test
742,test
743,train
744,train
745,train
746,test
747,train
748,test
749,train
750,train
751,train
752,train
753,train
754,train
755,test
756,train
757,train
758,train
759,test
760,train
761,test
762,train
763,train
764,test
765,train
766,train
767,train
768,train
769,train
770,train
771,train
772,test
773,train
774,train
775,train
776,train
777,train
778,train
779,train
780,train
781,test
782,train
783,test
784,train
785,train
786,train
787,test
788,train
789,train
790,test
791,train
792,train
793,train
794,test
795,train
796,train
797,train
798,test
799,train
800,train
801,train
802,test
803,train
804,train
805,train
806,train
807,test
808,train
809,test
810,train
811,test
812,train
813,train
814,train
815,train
816,train
817,test
818,train
819,train
820,train
821,train
822,train
823,train
824,train
825,train
826,train
827,train
828,train
829,train
830,train
831,train
832,train
833,train
834,train
835,train
836,train
837,train
838,test
839,train
840,train
841,train
842,test
843,train
844,train
845,test
846,train
847,train
848,train
849,train
850,train
851,train
852,train
853,train
854,train
855,train
856,test
857,train
858,train
859,test
860,train
861,train
862,train
863,train
864,train
865,train
866,train
867,train
868,train
869,train
870,train
871,train
872,train
873,train
874,train
875,train
876,train
877,train
878,train
879,train
880,train
881,test
882,train
883,train
884,train
885,train
886,train
887,train
888,train
889,test
890,train
891,train
892,train
893,train
894,train
895,train
896,train
897,test
898,train
899,train
900,train
901,train
902,train
903,train
904,train
905,train
906,train
907,test
908,train
909,train
910,train
911,test
912,train
913,train
914,train
915,train
916,train
917,train
918,train
919,train
920,train
921,train
922,train
923,train
924,train
925,train
926,train
927,test
928,train
929,train
930,train
931,train
932,train
933,train
934,train
935,train
936,train
937,test
938,train
939,train
940,train
941,train
942,test
943,train
944,test
945,train
946,train
947,train
948,train
949,train
950,train
951,train
952,train
953,train
954,train
955,train
956,train
957,train
958,train
959,train
960,train
961,test
962,train
963,train
964,train
965,train
966,train
967,train
968,train
969,train
970,train
971,train
972,train
973,train
974,train
975,train
976,train
977,train
978,test
979,train
980,train
981,train
982,train
983,train
984,train
985,train
986,test
987,train
988,train
989,train
990,test
991,train
992,train
993,train
994,train
995,train
996,train
997,train
998,test
999,test
1000,test
1001,test
1002,train
1003,train
1004,train
1005,train
1006,train
1007,train
1008,train
1009,train
1010,test
1011,test
1012,train
1013,train
1014,test
1015,train
1016,train
1017,test
1018,test
1019,train
1020,train
1021,train
1022,train
1023,test
1024,train
1025,train
1026,train
1027,train
1028,train
1029,test
1030,train
1031,train
1032,test
1033,train
1034,test
1035,train
1036,test
1037,train
1038,train
1039,train
1040,train
1041,train
1042,train
1043,train
1044,test
1045,train
1046,train
1047,test
1048,test
1049,train
1050,train
1051,train
1052,train
1053,test
1054,train
1055,train
1056,train
1057,train
1058,test
1059,train
1060,train
1061,test
1062,train
1063,train
1064,test
1065,train
1066,train
1067,train
1068,test
1069,train
1070,train
1071,test
1072,train
1073,train
1074,train
1075,train
1076,train
1077,train
1078,train
1079,train
1080,test
1081,train
1082,train
1083,train
1084,train
1085,train
1086,train
1087,train
1088,train
1089,test
1090,test
1091,test
1092,train
1093,test
1094,train
1095,train
1096,train
1097,test
1098,train
1099,train
1100,test
1101,train
1102,test
1103,test
1104,train
1105,test
1106,test
1107,train
1108,train
1109,train
1110,test
1111,train
1112,train
1113,train
1114,test
1115,train
1116,test
1117,test
1118,train
1119,train
1120,train
1121,train
1122,train
1123,test
1124,train
1125,test
1126,train
1127,train
1128,test
1129,train
1130,train
1131,train
1132,train
1133,test
1134,train
1135,train
1136,train
1137,train
1138,train
1139,train
1140,train
1141,train
1142,train
1143,train
1144,train
1145,train
1146,train
1147,train
1148,train
1149,train
1150,train
1151,train
1152,train
1153,train
1154,train
1155,train
1156,train
1157,train
1158,train
1159,test
1160,train
1161,train
1162,train
1163,train
1164,train
1165,train
1166,train
1167,train
1168,train
1169,train
1170,train
1171,train
1172,train
1173,train
1174,test
1175,train
1176,train
1177,train
1178,train
1179,train
1180,train
1181,train
1182,train
1183,train
1184,train
1185,train
1186,train
1187,train
1188,train
1189,test
1190,train
1191,train
1192,train
1193,train
1194,train
1195,test
1196,test
1197,train
1198,train
1199,train
1200,test
1201,train
1202,train
1203,train
1204,train
1205,train
1206,train
1207,train
1208,train
1209,train
1210,train
1211,train
1212,train
1213,train
1214,train
1215,train
1216,test
1217,train
1218,train
1219,train
1220,train
1221,test
1222,test
1223,train
1224,train
1225,test
1226,test
1227,train
1228,test
1229,train
1230,train
1231,test
1232,train
1233,train
1234,train
1235,test
1236,train
1237,train
1238,train
1239,train
1240,train
1241,train
1242,train
1243,train
1244,test
1245,train
1246,train
1247,train
1248,train
1249,train
1250,train
1251,test
1252,train
1253,train
1254,train
1255,train
1256,train
1257,train
1258,train
1259,test
1260,train
1261,train
1262,train
1263,train
1264,test
1265,train
1266,train
1267,train
1268,test
1269,train
1270,train
1271,test
1272,train
1273,test
1274,train
1275,train
1276,train
1277,train
1278,train
1279,train
1280,train
1281,train
1282,train
1283,test
1284,train
1285,train
1286,train
1287,train
1288,train
1289,test
1290,train
1291,train
1292,test
1293,train
1294,train
1295,test
1296,train
1297,train
1298,test
1299,train
1300,train
1301,train
1302,train
1303,train
1304,train
1305,train
1306,train
1307,test
1308,train
1309,train
1310,train
1311,train
1312,train
1313,train
1314,train
1315,train
1316,test
1317,train
1318,train
1319,train
1320,train
1321,train
1322,train
1323,test
1324,train
1325,train
1326,test
1327,train
1328,train
1329,train
1330,train
1331,train
1332,train
1333,train
1334,train
1335,train
1336,train
1337,test
1338,test
1339,train
1340,test
1341,train
1342,train
1343,train
1344,train
1345,test
1346,train
1347,train
1348,train
1349,train
1350,test
1351,train
1352,train
1353,train
1354,train
1355,train
1356,train
1357,test
1358,train
1359,train
1360,train
1361,test
1362,test
1363,train
1364,test
1365,train
1366,test
1367,train
1368,train
1369,train
1370,train
1371,train
1372,train
1373,test
1374,train
1375,train
1376,test
1377,test
1378,train
1379,train
1380,train
1381,train
1382,train
1383,train
1384,train
1385,test
1386,train
1387,train
1388,train
1389,train
1390,train
1391,train
1392,train
1393,test
1394,train
1395,train
1396,train
1397,test
1398,test
1399,test
1400,train
1401,train
1402,train
1403,train
1404,train
1405,test
1406,test
1407,train
1408,train
1409,train
1410,train
1411,train
1412,test
1413,train
1414,train
1415,train
1416,train
1417,test
1418,test
1419,train
1420,train
1421,test
1422,train
1423,test
1424,train
1425,train
1426,test
1427,test
1428,train
1429,train
1430,train
1431,train
1432,train
1433,train
1434,train
1435,test
1436,test
1437,train
1438,train
1439,train
1440,train
1441,train
1442,test
1443,train
1444,train
1445,train
1446,train
1447,train
1448,train
1449,train
1450,train
1451,train
1452,train
1453,train
1454,train
1455,train
1456,train
1457,train
1458,train
1459,train
1460,train
1461,test
1462,test
1463,train
1464,train
1465,test
1466,train
1467,test
1468,train
1469,train
1470,train
1471,train
1472,train
1473,train
1474,train
1475,train
1476,test
1477,train
1478,train
1479,train
1480,test
1481,train
1482,train
1483,train
1484,train
1485,train
1486,test
1487,train
1488,test
1489,train
1490,train
1491,train
1492,train
1493,train
1494,test
1495,train
1496,train
1497,test
1498,train
1499,train
1500,train
1501,train
1502,train
1503,train
1504,train
1505,test
1506,test
1507,train
1508,train
1509,test
1510,train
1511,test
1512,train
1513,train
1514,train
1515,train
1516,train
1517,train
1518,train
1519,train
1520,train
1521,train
1522,train
1523,train
1524,train
1525,test
1526,train
1527,train
1528,train
1529,train
1530,train
1531,train
1532,train
1533,train
1534,train
1535,train
1536,train
1537,train
1538,test
1539,test
1540,train
1541,train
1542,train
1543,train
1544,test
1545,train
1546,train
1547,test
1548,train
1549,train
1550,train
1551,train
1552,train
1553,train
1554,train
1555,train
1556,train
1557,test
1558,train
1559,test
1560,train
1561,train
1562,train
1563,test
1564,test
1565,train
1566,train
1567,train
1568,train
1569,test
1570,train
1571,train
1572,train
1573,train
1574,train
1575,train
1576,train
1577,test
1578,train
1579,train
1580,train
1581,train
1582,train
1583,train
1584,train
1585,train
1586,train
1587,test
1588,test
1589,train
1590,train
1591,train
1592,train
1593,test
1594,train
1595,train
1596,train
1597,train
1598,train
1599,train
1600,test
1601,train
1602,train
1603,train
1604,train
1605,train
1606,train
1607,train
1608,test
1609,train
1610,test
1611,train
1612,test
1613,train
1614,train
1615,train
1616,train
1617,train
1618,train
1619,train
1620,test
1621,train
1622,train
1623,train
1624,train
1625,train
1626,test
1627,train
1628,train
1629,train
1630,train
1631,train
1632,train
1633,train
1634,train
1635,train
1636,train
1637,train
1638,train
1639,train
1640,train
1641,test
1642,train
1643,train
1644,test
1645,train
1646,train
1647,train
1648,train
1649,train
1650,test
1651,train
1652,train
1653,train
1654,train
1655,train
1656,train
1657,train
1658,train
1659,test
1660,train
1661,train
1662,test
1663,train
1664,train
1665,test
1666,train
1667,train
1668,train
1669,train
1670,test
1671,train
1672,train
1673,train
1674,test
1675,train
1676,train
1677,train
1678,train
1679,train
1680,train
1681,train
1682,train
1683,train
1684,train
1685,train
1686,train
1687,train
1688,train
1689,train
1690,test
1691,test
1692,train
1693,train
1694,train
1695,train
1696,train
1697,test
1698,train
1699,train
1700,train
1701,train
1702,train
1703,train
1704,train
1705,train
1706,train
1707,train
1708,train
1709,test
1710,test
1711,train
1712,test
1713,train
1714,train
1715,train
1716,test
1717,test
1718,train
1719,train
1720,train
1721,train
1722,train
1723,train
1724,train
1725,train
1726,train
1727,train
1728,train
1729,train
1730,train
1731,train
1732,train
1733,train
1734,train
1735,test
1736,train
1737,test
1738,test
1739,test
1740,train
1741,train
1742,train
1743,test
1744,train
1745,train
1746,train
1747,train
1748,train
1749,train
1750,train
1751,train
1752,test
1753,train
1754,train
1755,train
1756,test
1757,train
1758,train
1759,train
1760,train
1761,train
1762,test
1763,train
1764,train
1765,train
1766,train
1767,train
1768,train
1769,test
1770,train
1771,train
1772,train
1773,train
1774,train
1775,test
1776,train
1777,train
1778,train
1779,train
1780,test
1781,train
1782,train
1783,test
1784,train
1785,train
1786,train
1787,train
1788,train
1789,train
1790,test
1791,train
1792,train
1793,test
1794,train
1795,train
1796,train
1797,test
1798,test
1799,train
1800,test
1801,train
1802,train
1803,train
1804,test
1805,train
1806,train
1807,test
1808,train
1809,train
1810,train
1811,test
1812,test
1813,train
1814,train
1815,train
1816,train
1817,test
1818,train
1819,train
1820,test
1821,train
1822,train
1823,train
1824,train
1825,test
1826,train
1827,train
1828,train
1829,train
1830,test
1831,test
1832,test
1833,train
1834,train
1835,train
1836,train
1837,test
1838,train
1839,test
1840,train
1841,train
1842,train
1843,train
1844,train
1845,train
1846,test
1847,train
1848,train
1849,test
1850,train
1851,train
1852,train
1853,train
1854,train
1855,train
1856,train
1857,train
1858,train
1859,train
1860,train
1861,train
1862,train
1863,train
1864,train
1865,train
1866,train
1867,train
1868,train
1869,train
1870,train
1871,train
1872,train
1873,test
1874,train
1875,train
1876,train
1877,train
1878,test
1879,test
1880,test
1881,train
1882,train
1883,train
1884,train
1885,train
1886,train
1887,train
1888,train
1889,test
1890,train
1891,train
1892,train
1893,train
1894,test
1895,train
1896,train
1897,train
1898,train
1899,train
1900,train
1901,train
1902,test
1903,train
1904,train
1905,test
1906,train
1907,train
1908,train
1909,test
1910,test
1911,train
1912,train
1913,train
1914,test
1915,train
1916,test
1917,train
1918,test
1919,train
1920,test
1921,train
1922,train
1923,train
1924,train
1925,train
1926,train
1927,train
1928,train
1929,train
1930,train
1931,train
1932,train
1933,train
1934,test
1935,train
1936,train
1937,train
1938,train
1939,train
1940,train
1941,train
1942,train
1943,train
1944,train
1945,train
1946,train
1947,train
1948,train
1949,train
1950,train
1951,train
1952,train
1953,train
1954,train
1955,train
1956,train
1957,train
1958,train
1959,train
1960,test
1961,train
1962,train
1963,train
1964,test
1965,train
1966,train
1967,test
1968,train
1969,train
1970,train
1971,train
1972,train
1973,train
1974,train
1975,train
1976,train
1977,train
1978,train
1979,train
1980,test
1981,train
1982,train
1983,test
1984,train
1985,train
1986,train
1987,train
1988,train
1989,train
1990,train
1991,train
1992,train
1993,train
1994,train
1995,train
1996,train
1997,train
1998,train
1999,train
2000,train
2001,train
2002,train
2003,train
2004,train
2005,test
2006,train
2007,train
2008,train
2009,train
2010,train
2011,test
2012,train
2013,test
2014,train
2015,train
2016,train
2017,train
2018,train
2019,train
2020,train
2021,train
2022,test
2023,train
2024,train
2025,train
2026,train
2027,train
2028,test
2029,train
2030,train
2031,train
2032,train
2033,train
2034,train
2035,train
2036,train
2037,test
2038,train
2039,train
2040,test
2041,train
2042,train
2043,test
2044,test
2045,train
2046,test
2047,train
2048,train
2049,train
2050,train
2051,train
2052,test
2053,train
2054,train
2055,train
2056,train
2057,train
2058,train
2059,test
2060,train
2061,train
2062,train
2063,test
2064,train
2065,train
2066,train
2067,train
2068,train
2069,train
2070,train
2071,test
2072,train
2073,train
2074,train
2075,train
2076,train
2077,train
2078,test
2079,train
2080,test
2081,train
2082,train
2083,train
2084,train
2085,train
2086,train
2087,train
2088,train
2089,train
2090,train
2091,test
2092,train
2093,train
2094,train
2095,train
2096,train
2097,test
2098,test
2099,train
2100,train
2101,train
2102,test
2103,test
2104,train
2105,train
2106,train
2107,train
2108,train
2109,train
2110,test
2111,test
2112,train
2113,train
2114,test
2115,train
2116,test
2117,train
2118,train
2119,test
2120,test
2121,train
2122,train
2123,test
2124,train
2125,train
2126,test
2127,train
2128,train
2129,train
2130,test
2131,train
2132,train
2133,train
2134,train
2135,train
2136,test
2137,train
2138,train
2139,train
2140,train
2141,train
2142,train
2143,train
2144,train
2145,train
2146,train
2147,train
2148,train
2149,train
2150,train
2151,test
2152,train
2153,test
2154,test
2155,train
2156,train
2157,test
2158,train
2159,train
2160,train
2161,train
2162,train
2163,test
2164,train
2165,train
2166,train
2167,train
2168,test
2169,train
2170,train
2171,train
2172,train
2173,train
2174,test
2175,train
2176,test
2177,train
2178,test
2179,test
2180,train
2181,test
2182,train
2183,train
2184,test
2185,test
2186,train
2187,test
2188,train
2189,train
2190,train
2191,train
2192,train
2193,train
2194,train
2195,train
2196,train
2197,train
2198,train
2199,train
2200,train
2201,train
2202,train
2203,train
2204,train
2205,train
2206,train
2207,train
2208,train
2209,train
2210,train
2211,train
2212,test
2213,train
2214,train
2215,train
2216,train
2217,train
2218,test
2219,train
2220,train
2221,train
2222,train
2223,train
2224,train
2225,test
2226,train
2227,test
2228,train
2229,train
2230,train
2231,train
2232,test
2233,test
2234,test
2235,train
2236,train
2237,train
2238,train
2239,train
2240,test
2241,train
2242,train
2243,train
2244,train
2245,train
2246,test
2247,train
2248,train
2249,train
2250,test
2251,test
2252,train
2253,train
2254,train
2255,train
2256,train
2257,train
2258,test
2259,train
2260,train
2261,train
2262,test
2263,train
2264,train
2265,train
2266,train
2267,train
2268,test
2269,train
2270,train
2271,train
2272,train
2273,train
2274,train
2275,test
2276,train
2277,train
2278,train
2279,test
2280,test
2281,train
2282,train
2283,train
2284,train
2285,test
2286,train
2287,train
2288,train
2289,train
2290,test
2291,train
2292,train
2293,test
2294,train
2295,train
2296,train
2297,train
2298,train
2299,train
2300,train
2301,train
2302,train
2303,train
2304,train
2305,train
2306,train
2307,train
2308,train
2309,train
2310,train
2311,train
2312,train
2313,test
2314,train
2315,train
2316,train
2317,train
2318,train
2319,test
2320,train
2321,train
2322,train
2323,train
2324,train
2325,train
2326,train
2327,train
2328,train
2329,train
2330,train
2331,train
2332,train
2333,train
2334,train
2335,test
2336,train
2337,train
2338,train
2339,test
2340,test
2341,train
2342,train
2343,train
2344,test
2345,train
2346,train
2347,test
2348,train
2349,train
2350,test
2351,test
2352,train
2353,train
2354,train
2355,train
2356,test
2357,train
2358,train
2359,test
2360,train
2361,train
2362,test
2363,train
2364,train
2365,train
2366,train
2367,test
2368,train
2369,train
2370,train
2371,train
2372,train
2373,train
2374,train
2375,train
2376,train
2377,train
2378,test
2379,test
2380,test
2381,test
2382,train
2383,test
2384,train
2385,train
2386,train
2387,train
2388,train
2389,train
2390,test
2391,train
2392,test
2393,train
2394,test
2395,test
2396,test
2397,train
2398,train
2399,test
2400,train
2401,train
2402,train
2403,train
2404,train
2405,train
2406,train
2407,train
2408,test
2409,train
2410,train
2411,train
2412,test
2413,train
2414,train
2415,test
2416,train
2417,train
2418,train
2419,train
2420,train
2421,test
2422,test
2423,train
2424,train
2425,train
2426,train
2427,train
2428,train
2429,train
2430,train
2431,train
2432,train
2433,train
2434,train
2435,train
2436,train
2437,train
2438,train
2439,train
2440,train
2441,test
2442,train
2443,train
2444,train
2445,test
2446,train
2447,train
2448,train
2449,train
2450,train
2451,train
2452,train
2453,train
2454,train
2455,train
2456,train
2457,test
2458,train
2459,train
2460,train
2461,train
2462,train
2463,test
2464,train
2465,train
2466,train
2467,train
2468,train
2469,test
2470,train
2471,train
2472,test
2473,train
2474,train
2475,train
2476,train
2477,test
2478,train
2479,train
2480,train
2481,test
2482,train
2483,train
2484,train
2485,train
2486,train
2487,train
2488,train
2489,train
2490,train
2491,train
2492,train
2493,train
2494,train
2495,test
2496,train
2497,train
2498,train
2499,train
2500,train
2501,train
2502,test
2503,train
2504,train
2505,test
2506,train
2507,test
2508,train
2509,train
2510,train
2511,train
2512,train
2513,train
2514,train
2515,train
2516,test
2517,test
2518,train
2519,test
2520,train
2521,train
2522,train
2523,train
2524,train
2525,test
2526,train
2527,train
2528,train
2529,train
2530,test
2531,test
2532,train
2533,train
2534,train
2535,train
2536,train
2537,train
2538,train
2539,train
2540,train
2541,train
2542,train
2543,train
2544,train
2545,train
2546,train
2547,train
2548,train
2549,train
2550,test
2551,train
2552,train
2553,train
2554,test
2555,train
2556,train
2557,train
2558,train
2559,train
2560,train
2561,train
2562,train
2563,train
2564,train
2565,train
2566,train
2567,train
2568,train
2569,test
2570,train
2571,train
2572,train
2573,train
2574,train
2575,train
2576,train
2577,test
2578,test
2579,train
2580,train
2581,test
2582,test
2583,train
2584,train
2585,train
2586,train
2587,train
2588,train
2589,train
2590,train
2591,train
2592,train
2593,train
2594,train
2595,train
2596,train
2597,train
2598,train
2599,train
2600,test
2601,train
2602,train
2603,train
2604,train
2605,test
2606,train
2607,test
2608,train
2609,train
2610,train
2611,train
2612,train
2613,train
2614,test
2615,test
2616,train
2617,train
2618,train
2619,train
2620,test
2621,train
2622,train
2623,train
2624,test
2625,train
2626,test
2627,train
2628,train
2629,train
2630,train
2631,train
2632,train
2633,train
2634,train
2635,train
2636,train
2637,test
2638,train
2639,test
2640,train
2641,train
2642,test
2643,test
2644,train
2645,train
2646,test
2647,train
2648,train
2649,test
2650,train
2651,train
2652,test
2653,test
2654,train
2655,train
2656,train
2657,train
2658,train
2659,test
2660,train
2661,test
2662,test
2663,train
2664,train
2665,train
2666,train
2667,train
2668,train
2669,train
2670,train
2671,train
2672,train
2673,test
2674,test
2675,train
2676,train
2677,train
2678,train
2679,train
2680,train
2681,train
2682,train
2683,train
2684,test
2685,test
2686,train
2687,train
2688,train
2689,train
2690,train
2691,train
2692,train
2693,train
2694,train
2695,train
2696,test
2697,train
2698,test
2699,train
2700,train
2701,train
2702,train
2703,test
2704,train
2705,train
2706,train
2707,train
2708,test
2709,train
2710,test
2711,train
2712,train
2713,train
2714,test
2715,train
2716,test
2717,train
2718,test
2719,train
2720,train
2721,train
2722,train
2723,train
2724,train
2725,train
2726,test
2727,train
2728,train
2729,train
2730,train
2731,train
2732,train
2733,train
2734,train
2735,train
2736,train
2737,train
2738,train
2739,test
2740,train
2741,train
2742,train
2743,test
2744,train
2745,train
2746,train
2747,train
2748,test
2749,train
2750,test
2751,train
2752,test
2753,train
2754,train
2755,train
2756,train
2757,train
2758,train
2759,train
2760,train
2761,test
2762,train
2763,train
2764,train
2765,train
2766,train
2767,train
2768,train
2769,train
2770,train
2771,test
2772,train
2773,train
2774,train
2775,test
2776,test
2777,train
2778,train
2779,test
2780,train
2781,train
2782,train
2783,test
2784,test
2785,train
2786,test
2787,train
2788,train
2789,train
2790,train
2791,train
2792,train
2793,train
2794,train
2795,train
2796,train
2797,test
2798,test
2799,train
2800,train
2801,train
2802,train
2803,train
2804,train
2805,test
2806,test
2807,train
2808,test
2809,train
2810,train
2811,train
2812,train
2813,test
2814,train
2815,train
2816,test
2817,train
2818,train
2819,train
2820,test
2821,train
2822,test
2823,test
2824,train
2825,train
2826,train
2827,train
2828,train
2829,test
2830,train
2831,train
2832,test
2833,train
2834,test
2835,train
2836,train
2837,train
2838,test
2839,train
2840,train
2841,test
2842,train
2843,train
2844,train
2845,train
2846,train
2847,train
2848,train
2849,test
2850,train
2851,train
2852,test
2853,train
2854,train
2855,train
2856,test
2857,train
2858,train
2859,train
2860,train
2861,test
2862,train
2863,test
2864,train
2865,train
2866,train
2867,train
2868,test
2869,train
2870,train
2871,train
2872,train
2873,test
2874,train
2875,train
2876,test
2877,train
2878,train
2879,train
2880,train
2881,train
2882,train
2883,train
2884,train
2885,train
2886,train
2887,train
2888,train
2889,test
2890,train
2891,test
2892,train
2893,train
2894,train
2895,train
2896,train
2897,train
2898,train
2899,test
2900,test
2901,train
2902,train
2903,train
2904,train
2905,train
2906,train
2907,train
2908,train
2909,train
2910,train
2911,train
2912,train
2913,train
2914,test
2915,train
2916,test
2917,train
2918,train
2919,train
2920,train
2921,train
2922,train
2923,train
2924,test
2925,train
2926,train
2927,train
2928,train
2929,train
