row_index,MS SubClass,MS Zoning,Lot Frontage,Lot Area,Street,Alley,Lot Shape,Land Contour,Utilities,Lot Config,Land Slope,Neighborhood,Condition 1,Condition 2,Bldg Type,House Style,Overall Qual,Overall Cond,Year Built,Year Remod/Add,Roof Style,Roof Matl,Exterior 1st,Exterior 2nd,Mas Vnr Type,Mas Vnr Area,Exter Qual,Exter Cond,Foundation,Bsmt Qual,Bsmt Cond,Bsmt Exposure,BsmtFin Type 1,BsmtFin SF 1,BsmtFin Type 2,BsmtFin SF 2,Bsmt Unf SF,Total Bsmt SF,Heating,Heating QC,Central Air,Electrical,1st Flr SF,2nd Flr SF,Low Qual Fin SF,Gr Liv Area,Bsmt Full Bath,Bsmt Half Bath,Full Bath,Half Bath,Bedroom AbvGr,Kitchen AbvGr,Kitchen Qual,TotRms AbvGrd,Functional,Fireplaces,Fireplace Qu,Garage Type,Garage Yr Blt,Garage Finish,Garage Cars,Garage Area,Garage Qual,Garage Cond,Paved Drive,Wood Deck SF,Open Porch SF,Enclosed Porch,3Ssn Porch,Screen Porch,Pool Area,Pool QC,Fence,Misc Feature,Misc Val,actual,predicted,residual,absolute_error
2181,60,RL,130.0,40094,Pave,NA,IR1,Bnk,AllPub,Inside,Gtl,Edwards,PosN,PosN,1Fam,2Story,10,5,2007,2008,Hip,CompShg,CemntBd,CmentBd,Stone,762.0,Ex,TA,PConc,Ex,TA,Gd,GLQ,2260.0,Unf,0.0,878.0,3138.0,GasA,Ex,Y,SBrkr,3138,1538,0,4676,1.0,0.0,3,1,3,1,Ex,11,Typ,1,Gd,BuiltIn,2007.0,Fin,3.0,884.0,TA,TA,Y,208,406,0,0,0,0,NA,NA,NA,0,184750,436380.6958957995,-251630.6958957995,251630.6958957995
432,20,RL,105.0,13693,Pave,NA,Reg,Lvl,AllPub,Inside,Gtl,NridgHt,PosA,PosA,1Fam,1Story,10,5,2007,2007,Hip,CompShg,VinylSd,VinylSd,Stone,472.0,Ex,TA,PConc,Ex,TA,Gd,GLQ,2288.0,Unf,0.0,342.0,2630.0,GasA,Ex,Y,SBrkr,2674,0,0,2674,2.0,0.0,2,1,2,1,Ex,8,Typ,2,Gd,Attchd,2007.0,Fin,3.0,762.0,TA,TA,Y,360,50,0,0,0,0,NA,NA,NA,0,610000,453371.812404438,156628.18759556202,156628.18759556202
44,20,RL,100.0,12919,Pave,NA,IR1,Lvl,AllPub,Inside,Gtl,NridgHt,Norm,Norm,1Fam,1Story,9,5,2009,2010,Hip,CompShg,VinylSd,VinylSd,Stone,760.0,Ex,TA,PConc,Ex,TA,Gd,GLQ,2188.0,Unf,0.0,142.0,2330.0,GasA,Ex,Y,SBrkr,2364,0,0,2364,1.0,0.0,2,1,2,1,Ex,11,Typ,2,Gd,Attchd,2009.0,Fin,3.0,820.0,TA,TA,Y,0,67,0,0,0,0,NA,NA,NA,0,611657,460423.1292683355,151233.87073166447,151233.87073166447
433,60,RL,107.0,13891,Pave,NA,Reg,Lvl,AllPub,Inside,Gtl,NridgHt,Norm,Norm,1Fam,2Story,9,5,2008,2009,Hip,CompShg,VinylSd,VinylSd,Stone,424.0,Ex,TA,PConc,Ex,TA,Gd,Unf,0.0,Unf,0.0,1734.0,1734.0,GasA,Ex,Y,SBrkr,1734,1088,0,2822,0.0,0.0,3,1,4,1,Ex,12,Typ,1,Gd,BuiltIn,2009.0,RFn,3.0,1020.0,TA,TA,Y,52,170,0,0,192,0,NA,NA,NA,0,582933,450960.0928763479,131972.9071236521,131972.9071236521
2246,120,RM,44.0,4750,Pave,NA,IR1,HLS,AllPub,Inside,Mod,Crawfor,Norm,Norm,TwnhsE,1Story,8,5,2006,2007,Hip,CompShg,VinylSd,VinylSd,Stone,481.0,Gd,TA,PConc,Gd,TA,Gd,GLQ,1573.0,Unf,0.0,0.0,1573.0,GasA,Ex,Y,SBrkr,1625,0,0,1625,1.0,1.0,2,0,2,1,Gd,5,Typ,1,Gd,Attchd,2006.0,Fin,2.0,538.0,TA,TA,Y,123,0,0,0,153,0,NA,NA,NA,0,235000,341205.89031934395,-106205.89031934395,106205.89031934395
1559,120,RM,64.0,5587,Pave,NA,IR1,HLS,AllPub,Inside,Mod,Crawfor,Norm,Norm,TwnhsE,1Story,8,5,2008,2008,Hip,CompShg,CemntBd,CmentBd,Stone,186.0,Ex,TA,PConc,Ex,TA,Gd,GLQ,1480.0,Unf,0.0,120.0,1600.0,GasA,Ex,Y,SBrkr,1652,0,0,1652,1.0,1.0,2,0,2,1,Gd,5,Typ,1,Gd,Attchd,2008.0,Fin,2.0,482.0,TA,TA,Y,162,53,0,153,0,0,NA,NA,NA,0,392500,293311.67841511173,99188.32158488827,99188.32158488827
456,20,RL,100.0,14836,Pave,NA,IR1,HLS,AllPub,Inside,Mod,NridgHt,Norm,Norm,1Fam,1Story,10,5,2004,2005,Hip,CompShg,CemntBd,CmentBd,Stone,730.0,Ex,TA,PConc,Ex,TA,Gd,GLQ,2146.0,Unf,0.0,346.0,2492.0,GasA,Ex,Y,SBrkr,2492,0,0,2492,1.0,0.0,2,1,2,1,Ex,8,Typ,1,Ex,Attchd,2004.0,Fin,3.0,949.0,TA,TA,Y,226,235,0,0,0,0,NA,NA,NA,0,552000,457715.01804190624,94284.98195809376,94284.98195809376
2378,20,RL,129.0,16737,Pave,NA,Reg,Lvl,AllPub,FR3,Gtl,NridgHt,Norm,Norm,1Fam,1Story,9,5,2004,2005,Hip,CompShg,VinylSd,VinylSd,BrkFace,66.0,Gd,TA,PConc,Ex,TA,Av,GLQ,1447.0,Unf,0.0,533.0,1980.0,GasA,Ex,Y,SBrkr,1980,0,0,1980,1.0,0.0,2,0,3,1,Ex,8,Typ,1,Gd,Attchd,2004.0,Fin,3.0,770.0,TA,TA,Y,194,45,0,0,0,0,NA,NA,NA,0,315000,400490.11944743217,-85490.11944743217,85490.11944743217
1538,50,RL,,15660,Pave,NA,IR1,Lvl,AllPub,Corner,Gtl,Crawfor,Norm,Norm,1Fam,1.5Fin,7,9,1939,2006,Gable,CompShg,VinylSd,VinylSd,BrkFace,312.0,Gd,Gd,CBlock,TA,TA,No,BLQ,341.0,Unf,0.0,457.0,798.0,GasA,Ex,Y,SBrkr,1137,817,0,1954,0.0,1.0,1,1,3,1,Gd,8,Typ,2,TA,Attchd,1939.0,Unf,2.0,431.0,TA,TA,Y,0,119,150,0,0,0,NA,NA,NA,0,311500,231578.10272655162,79921.89727344838,79921.89727344838
2392,60,RL,103.0,12867,Pave,NA,IR1,Lvl,AllPub,Corner,Gtl,NridgHt,Norm,Norm,1Fam,2Story,8,5,2005,2006,Gable,CompShg,CemntBd,CmentBd,,,Gd,TA,PConc,Ex,TA,Av,Unf,0.0,Unf,0.0,1209.0,1209.0,GasA,Ex,Y,SBrkr,1209,1044,0,2253,0.0,0.0,2,1,3,1,Ex,8,Typ,1,Gd,Attchd,2005.0,Fin,2.0,575.0,TA,TA,Y,243,142,0,0,0,0,NA,NA,NA,0,344133,270506.34410655574,73626.65589344426,73626.65589344426
