step,train_loss,validation_loss,validation_token_accuracy,validation_greedy_exact_match
0,,3.3369901180267334,0.0416666679084301,0.0
50,2.6948225498199463,2.6717450618743896,0.2271505445241928,0.0
100,2.2460851669311523,2.2048468589782715,0.3293010890483856,0.0078125
150,1.9576107263565063,1.8656741380691528,0.3884408473968506,0.0078125
200,1.6251554489135742,1.6534721851348877,0.43817204236984253,0.015625
250,1.3734668493270874,1.5118316411972046,0.49462366104125977,0.046875
300,1.3174681663513184,1.3633928298950195,0.5309139490127563,0.0703125
350,1.1477771997451782,1.3003238439559937,0.5456989407539368,0.078125
400,1.1153616905212402,1.2017250061035156,0.5698924660682678,0.109375
450,1.030025601387024,1.1878900527954102,0.5860214829444885,0.09375
500,1.1305451393127441,1.078283429145813,0.6169354915618896,0.109375
550,0.9153771996498108,1.0278995037078857,0.6370967626571655,0.109375
600,0.8715704679489136,0.9982609748840332,0.6518816947937012,0.140625
