,pclass,name,sex,age,sibsp,parch,fare,embarked
count,711.0,711,711,566.0,711.0,711.0,711.0,709
unique,,711,2,,,,,3
top,,"Dooley, Mr. Patrick",male,,,,,S
freq,,1,462,,,,,504
mean,2.279887482419128,,,29.33333922261484,0.559774964838256,0.40646976090014064,34.091976793248946,
std,0.8535777157936045,,,14.548665564745546,1.195772815105022,0.8387870510696117,53.94637032670929,
min,1.0,,,0.42,0.0,0.0,0.0,
25%,1.0,,,20.0,0.0,0.0,7.8958,
50%,3.0,,,28.0,0.0,0.0,14.4583,
75%,3.0,,,38.0,1.0,1.0,31.275,
max,3.0,,,74.0,8.0,6.0,512.3292,
