row_index,pclass,sex,age,sibsp,parch,fare,embarked,actual,predicted,probability,incorrect
14,3,female,14.0,0,0,7.8542,S,0,1,0.5938967483922754,1
23,1,male,28.0,0,0,35.5,S,1,0,0.2707216422593531,1
41,2,female,27.0,1,0,21.0,S,0,1,0.9553215064700028,1
49,3,female,18.0,1,0,17.8,S,0,1,0.5933155454972922,1
74,3,male,32.0,0,0,56.4958,S,1,0,0.17050005705596333,1
111,3,female,14.5,1,0,14.4542,C,0,1,0.7696189366432172,1
127,3,male,24.0,0,0,7.1417,S,1,0,0.040577788676784875,1
140,3,female,,0,2,15.2458,C,0,1,0.7432800841030673,1
177,1,female,50.0,0,0,28.7125,C,0,1,0.9270026082183721,1
187,1,male,45.0,0,0,26.55,S,1,0,0.3973324143945725,1
205,3,female,2.0,0,1,10.4625,S,0,1,0.6287270676920838,1
207,3,male,26.0,0,0,18.7875,C,1,0,0.12411129241505833,1
209,1,male,40.0,0,0,31.0,C,1,0,0.30554146674555027,1
216,3,female,27.0,0,0,7.925,S,1,0,0.44526369407559124,1
220,3,male,16.0,0,0,8.05,S,1,0,0.17100258549311492,1
224,1,male,38.0,1,0,90.0,S,1,0,0.2495183242849916,1
235,3,female,,0,0,7.55,S,0,1,0.6130268245677132,1
240,3,female,,1,0,14.4542,C,0,1,0.7191628362635487,1
251,3,female,29.0,1,1,10.4625,S,0,1,0.5536447320514669,1
301,3,male,,2,0,23.25,Q,1,0,0.07184334867004896,1
312,2,female,26.0,1,1,26.0,S,0,1,0.9394527182959246,1
391,3,male,21.0,0,0,7.7958,S,1,0,0.07792884286832887,1
415,3,female,,0,0,8.05,S,0,1,0.582259980109001,1
423,3,female,28.0,1,1,14.4,S,0,1,0.5936241419335954,1
429,3,male,32.0,0,0,8.05,S,1,0,0.163404398789515,1
483,3,female,63.0,0,0,9.5875,S,1,0,0.41553777658374436,1
501,3,female,21.0,0,0,7.75,Q,0,1,0.7196448130414976,1
509,3,male,26.0,0,0,56.4958,S,1,0,0.15451294421222012,1
547,2,male,,0,0,13.8625,C,1,0,0.10286361796801399,1
570,2,male,62.0,0,0,10.5,S,1,0,0.08267852369949329,1
578,3,female,,1,0,14.4583,C,0,1,0.7360477240554519,1
587,1,male,60.0,1,1,79.2,C,1,0,0.29957998176782963,1
630,1,male,80.0,0,0,30.0,S,1,0,0.25844870075894394,1
643,3,male,,0,0,56.4958,S,1,0,0.11968275182126757,1
673,2,male,31.0,0,0,13.0,S,1,0,0.12293359330184543,1
677,3,female,18.0,0,0,9.8417,S,1,0,0.39984985510323257,1
680,3,female,,0,0,8.1375,Q,0,1,0.7283957314283894,1
692,3,male,,0,0,56.4958,S,1,0,0.11968275182126757,1
707,1,male,42.0,0,0,26.2875,S,1,0,0.42703881849771574,1
804,3,male,27.0,0,0,6.975,S,1,0,0.07657505003568896,1
838,3,male,32.0,0,0,56.4958,S,1,0,0.17050005705596333,1
852,3,female,9.0,1,1,15.2458,C,0,1,0.807437911071567,1
857,1,male,51.0,0,0,26.55,S,1,0,0.34825470126850827,1
888,3,female,,1,2,23.45,S,0,1,0.5000381046166418,1
